Amherst Pierpont Securities LLC,0001465857
Bank of Montreal,0000772028
Barclays Capital Inc,0000851376
Cantor Fitzgerald \& Co,0001127534
CF Secured LLC,0001688906
Citigroup Global Markets Inc,0000091154
Credit Suisse AG Cayman Islands Branch,0000824468
Credit Suisse AG Cayman Islands Branch 2,0001053092
Credit Suisse Securities (USA) LLC,0000318336
Credit Suisse Securities (USA) LLC 2,0001230485
Daiwa Capital Markets America Inc,0000026617
DEUTSCHE BANK,0001159508
Federal Home Loan Bank of Cincinnati (REPO),0001326771
Goldman Sachs \& Co,0000769993
Guggenheim Securities LLC,0001009953
ING Capital Markets LLC,0000877559
Mitsubishi UFJ Securities (USA) Inc,0000867626
Natixis Securities Americas LLC as Agent for Natixis,0000007470
Nomura Securities International Inc,0000072267
RBC (Barbados) Trading Bank Corporation,0001665852
Royal Bank of Canada,0000352613
Societe Generale,0001145665
South Street Securities LLC,0001215680
The Bank of New York Mellon,0001390777
